City_ID,City,Cloudiness,Country,Date,Humidity,Lat,Lng,Max Temp,Wind Speed
0,kavaratti,100,IN,1560164642,75,10.57,72.64,85.58,37.04
1,barrow,73,AR,1560164642,59,-38.31,-60.23,48.86,8.39
2,kifri,0,IQ,1560164642,8,34.69,44.96,112.76,4.7
3,east london,0,ZA,1560164643,46,-33.02,27.91,71.6,12.75
4,monrovia,75,LR,1560164643,94,6.33,-10.8,78.8,7.72
5,ahipara,60,NZ,1560164643,68,-35.17,173.16,59.48,2.84
6,mataura,48,NZ,1560164644,89,-46.19,168.86,45.62,5.26
7,ilulissat,90,GL,1560164644,100,69.22,-51.1,33.8,6.93
8,catabola,0,AO,1560164644,30,-12.14,17.29,74.24,9.04
9,albany,1,US,1560164645,81,42.65,-73.75,59.0,4.7
10,san ramon,71,NI,1560164645,91,12.92,-85.84,68.0,1.01
11,tasiilaq,75,GL,1560164646,64,65.61,-37.64,39.2,6.93
12,castro,41,CL,1560164646,100,-42.48,-73.76,33.8,3.36
13,chokurdakh,18,RU,1560164647,25,70.62,147.9,69.38,9.22
14,juneau,90,US,1560164647,93,58.3,-134.42,52.0,4.7
15,port elizabeth,90,US,1560164647,94,39.31,-74.98,69.01,11.41
16,clyde river,90,CA,1560164648,100,70.47,-68.59,33.8,8.05
17,birao,100,CF,1560164648,45,10.3,22.78,91.52,12.55
18,atuona,60,PF,1560164649,70,-9.8,-139.03,81.62,16.37
19,tuktoyaktuk,19,CA,1560164649,78,69.44,-133.03,35.18,3.91
20,geraldton,90,CA,1560164649,100,49.72,-86.95,51.8,11.41
21,mushie,23,CD,1560164650,21,-3.02,16.92,99.08,5.08
22,gamba,0,CN,1560164650,14,28.28,88.52,51.02,15.5
23,kinsale,75,IE,1560164650,66,51.71,-8.52,53.6,11.41
24,jamestown,0,AU,1560164651,58,-33.21,138.6,52.46,7.0
25,omboue,53,GA,1560164651,84,-1.57,9.26,76.22,10.96
26,rikitea,81,PF,1560164652,73,-23.12,-134.97,72.62,13.4
27,cape town,75,ZA,1560164580,67,-33.93,18.42,66.99,14.99
28,puerto ayora,29,EC,1560164652,89,-0.74,-90.35,73.34,8.5
29,sarh,85,TD,1560164653,34,9.14,18.39,98.9,3.78
30,moron,95,VE,1560164653,72,10.49,-68.2,81.8,2.28
31,ushuaia,40,AR,1560164654,73,-54.81,-68.31,32.0,23.04
32,usinsk,100,RU,1560164654,78,66.0,57.56,46.34,16.22
33,nemuro,1,JP,1560164654,88,43.32,145.57,49.4,7.83
34,novopokrovka,9,RU,1560164655,94,45.85,134.51,60.38,2.62
35,tura,62,IN,1560164655,64,25.52,90.21,91.34,4.36
36,yakeshi,83,CN,1560164655,61,49.28,120.73,65.06,5.7
37,gat,20,SN,1560164656,78,14.69,-16.54,78.8,9.17
38,kapaa,20,US,1560164483,83,22.08,-159.32,75.2,5.82
39,carnarvon,0,ZA,1560164656,39,-30.97,22.13,59.48,8.9
40,alindao,100,CF,1560164657,37,5.04,21.21,96.38,1.19
41,khatanga,100,RU,1560164657,83,71.98,102.47,38.78,10.74
42,cherskiy,31,RU,1560164657,42,68.75,161.3,62.9,6.4
43,ypacarai,75,PY,1560164658,60,-25.41,-57.29,69.8,11.41
44,torbay,90,CA,1560164658,93,47.66,-52.73,43.0,14.99
45,sitka,0,US,1560164659,91,37.17,-99.65,45.0,6.2
46,punta arenas,20,CL,1560164659,80,-53.16,-70.91,33.8,17.22
47,busselton,48,AU,1560164659,57,-33.64,115.35,50.0,35.88
48,keetmanshoop,0,NA,1560164660,12,-26.57,18.15,68.0,2.24
49,la ronge,75,CA,1560164660,86,55.1,-105.3,41.0,6.93
50,butaritari,4,KI,1560164660,81,3.07,172.79,84.86,17.81
51,maslova pristan,75,RU,1560164661,48,50.46,36.74,89.6,6.71
52,yellowknife,20,CA,1560164661,80,62.45,-114.38,35.6,6.93
53,vaini,75,IN,1560164661,44,15.34,74.49,93.2,13.87
54,hithadhoo,18,MV,1560164408,74,-0.6,73.08,84.86,6.6
55,ostrovnoy,64,RU,1560164662,65,68.05,39.51,58.4,2.64
56,bandarbeyla,100,SO,1560164663,41,9.49,50.81,91.88,29.64
57,maraa,25,BR,1560164663,95,-1.83,-65.37,75.68,0.69
58,hobart,86,AU,1560164652,68,-42.88,147.33,54.0,5.99
59,puerto escondido,100,MX,1560164664,80,15.86,-97.07,79.46,3.22
60,codrington,90,AU,1560164664,87,-28.95,153.24,61.0,6.93
61,tiksi,0,RU,1560164665,46,71.64,128.87,57.32,11.25
62,owensboro,20,US,1560164665,100,37.77,-87.11,71.6,11.74
63,lebu,75,ET,1560164665,82,8.96,38.73,64.4,6.93
64,dikson,64,RU,1560164666,92,73.51,80.55,31.4,6.78
65,nikolskoye,75,RU,1560164666,46,59.7,30.79,71.01,13.42
66,bar-le-duc,90,FR,1560164666,64,48.77,5.16,73.0,5.82
67,atasu,87,KZ,1560164667,49,48.68,71.64,65.06,10.8
68,takayama,75,JP,1560164571,93,36.14,137.25,66.2,3.36
69,elizabeth city,40,US,1560164668,100,36.3,-76.22,75.99,4.03
70,pacific grove,1,US,1560164668,59,36.62,-121.92,71.01,7.7
71,saskylakh,95,RU,1560164669,37,71.97,114.09,72.08,14.94
72,henderson,1,US,1560164670,9,36.04,-114.98,78.8,12.75
73,lata,4,IN,1560164670,29,30.78,78.62,52.82,8.5
74,souillac,20,FR,1560164671,52,45.6,-0.6,68.0,12.75
75,griffith,75,AU,1560164671,100,-34.29,146.06,59.0,4.52
76,axim,96,GH,1560164671,75,4.87,-2.24,82.7,12.57
77,arraial do cabo,75,BR,1560164672,94,-22.97,-42.02,68.0,6.08
78,namibe,0,AO,1560164672,51,-15.19,12.15,80.6,11.41
79,pevek,0,RU,1560164672,79,69.7,170.27,37.88,1.07
80,svetlaya,21,RU,1560164673,97,46.54,138.33,43.46,2.1
81,bluff,14,AU,1560164462,81,-23.58,149.07,63.26,7.43
82,yerbogachen,100,RU,1560164675,71,61.28,108.01,65.42,7.23
83,saint-georges,89,CA,1560164675,84,46.12,-70.67,57.99,2.48
84,wilmington,90,US,1560164675,100,39.75,-75.55,64.0,13.87
85,oberstdorf,75,DE,1560164676,77,47.41,10.28,73.99,6.93
86,quixeramobim,37,BR,1560164676,62,-5.2,-39.3,80.72,6.44
87,new norfolk,86,AU,1560164677,46,-42.78,147.06,54.0,11.99
88,hermanus,4,ZA,1560164677,73,-34.42,19.24,63.0,5.99
89,isangel,0,VU,1560164677,68,-19.55,169.27,74.24,14.16
90,grand forks,1,US,1560164678,81,47.91,-97.06,53.6,3.36
91,vigia,20,PT,1560164678,72,40.51,-8.69,66.99,13.87
92,kenai,1,US,1560164416,87,60.55,-151.26,46.4,4.7
93,saint-pierre-des-corps,40,FR,1560164678,67,47.39,0.72,63.0,10.29
94,jardim,52,BR,1560164679,72,-21.48,-56.15,65.42,8.81
95,katsuura,75,JP,1560164679,73,33.93,134.5,71.6,12.75
96,ribeira grande,20,PT,1560164680,77,38.52,-28.7,68.0,4.7
97,salalah,75,OM,1560164680,66,17.01,54.1,91.4,14.99
98,mantua,20,IT,1560164680,51,45.16,10.79,86.0,9.17
99,georgetown,40,GY,1560164681,94,6.8,-58.16,78.8,13.87
100,bambous virieux,90,MU,1560164681,78,-20.34,57.76,77.0,10.29
101,coquimbo,90,CL,1560164682,93,-29.95,-71.34,48.2,11.41
102,mahebourg,90,MU,1560164682,78,-20.41,57.7,77.0,10.29
103,camacha,40,PT,1560164682,60,33.08,-16.33,69.01,17.22
104,norman wells,20,CA,1560164683,65,65.28,-126.83,46.4,2.24
105,labuhan,97,ID,1560164684,91,-2.54,115.51,77.12,2.26
106,kavieng,100,PG,1560164684,73,-2.57,150.8,85.4,12.1
107,bredasdorp,43,ZA,1560164684,56,-34.53,20.04,68.0,24.16
108,tongchuan,20,CN,1560164685,32,34.9,108.95,95.0,4.47
109,imbituba,0,BR,1560164685,88,-28.24,-48.67,64.4,6.93
110,faanui,4,PF,1560164686,76,-16.48,-151.75,82.52,19.26
111,atar,51,MR,1560164686,9,20.52,-13.05,104.3,17.38
112,tymovskoye,100,RU,1560164686,90,50.85,142.66,42.74,4.25
113,hilo,90,US,1560164687,78,19.71,-155.08,73.4,8.05
114,avarua,99,CK,1560164447,73,-21.21,-159.78,75.2,3.36
115,sibolga,33,ID,1560164687,72,1.74,98.78,84.32,4.76
116,valparaiso,90,US,1560164688,88,41.47,-87.06,64.99,8.05
117,santa maria,0,BR,1560164689,68,-29.69,-53.81,68.0,12.75
118,iqaluit,90,CA,1560164689,100,63.75,-68.52,33.8,11.41
119,mokrous,0,RU,1560164690,32,51.24,47.51,82.7,1.9
120,kasempa,0,ZM,1560164690,28,-13.46,25.83,77.48,9.6
121,cidreira,24,BR,1560164690,67,-30.17,-50.22,68.66,5.79
122,mar del plata,56,AR,1560164691,51,-46.43,-67.52,34.28,18.48
123,plettenberg bay,0,ZA,1560164691,50,-34.05,23.37,68.3,5.03
124,mayumba,28,GA,1560164691,87,-3.44,10.65,75.32,10.42
125,oranjestad,20,AW,1560164692,78,12.52,-70.03,82.4,19.46
126,shingu,75,JP,1560164500,88,33.72,135.99,69.8,6.93
127,pochutla,100,MX,1560164693,93,15.74,-96.47,75.0,3.76
128,kantang,20,TH,1560164693,70,7.42,99.52,87.8,6.93
129,thompson,75,CA,1560164693,80,55.74,-97.86,39.2,3.36
130,hongjiang,81,CN,1560164694,95,27.21,109.83,74.06,3.83
131,saint-augustin,75,FR,1560164694,51,44.83,-0.61,68.0,13.87
132,dongsheng,18,CN,1560164695,57,29.72,112.52,86.84,6.17
133,msowero,4,TZ,1560164695,50,-6.53,37.2,72.44,9.4
134,vaitape,4,PF,1560164695,76,-16.52,-151.75,82.52,19.26
135,san patricio,93,PY,1560164696,68,-26.98,-56.83,65.96,12.08
136,saint-philippe,1,CA,1560164696,68,45.36,-73.48,66.99,3.36
137,kaitangata,81,NZ,1560164696,83,-46.28,169.85,45.0,1.01
138,ous,63,RU,1560164697,37,60.91,61.52,80.0,4.21
139,springbok,0,ZA,1560164697,48,-29.67,17.88,60.8,3.36
140,kaeo,99,NZ,1560164698,93,-35.1,173.78,48.0,0.87
141,atherton,40,GB,1560164698,55,53.52,-2.49,64.0,8.05
142,penzance,40,GB,1560164699,71,50.12,-5.53,59.0,11.41
143,nome,1,US,1560164699,94,30.04,-94.42,78.01,3.36
144,taoudenni,0,ML,1560164700,5,22.68,-3.98,109.7,9.42
145,magadan,13,RU,1560164701,86,59.56,150.8,44.0,1.99
146,tautira,20,PF,1560164701,73,-17.73,-149.15,77.0,2.24
147,aklavik,90,CA,1560164702,93,68.22,-135.01,39.2,4.7
148,klerksdorp,0,ZA,1560164702,24,-26.86,26.67,70.82,3.96
149,kruisfontein,0,ZA,1560164702,52,-34.0,24.73,67.76,4.65
150,nioro,80,GM,1560164703,28,13.79,-15.05,95.12,9.26
151,port lincoln,0,AU,1560164703,69,-34.72,135.86,61.46,20.49
152,kolosovka,66,RU,1560164703,77,56.47,73.61,74.24,8.68
153,tsybuliv,51,UA,1560164704,55,49.08,29.85,81.98,7.49
154,bathsheba,20,BB,1560164704,69,13.22,-59.52,82.4,20.8
155,korem,100,ET,1560164704,43,12.51,39.52,71.72,6.93
156,lompoc,1,US,1560164681,87,34.64,-120.46,60.01,1.5
157,upernavik,0,GL,1560164705,85,72.79,-56.15,33.38,8.3
158,hovd,75,NO,1560164705,71,63.83,10.7,57.0,2.24
159,santa rosa,59,AR,1560164707,55,-36.62,-64.29,48.5,8.12
160,manaure,100,CO,1560164708,79,11.78,-72.45,83.06,22.88
161,shaoyang,60,CN,1560164708,93,27.23,111.45,73.34,2.89
162,westport,75,IE,1560164708,54,53.8,-9.52,60.01,9.17
163,kieta,99,PG,1560164709,75,-6.22,155.63,83.78,9.44
164,coolum beach,16,AU,1560164709,94,-26.53,153.09,59.0,2.19
165,aguimes,40,ES,1560164709,56,27.91,-15.45,73.4,26.4
166,mareeba,90,AU,1560164710,78,-16.99,145.42,73.4,12.75
167,finschhafen,100,PG,1560164710,91,-6.6,147.85,66.32,2.46
168,tuatapere,83,NZ,1560164710,81,-46.13,167.69,51.2,9.15
169,isabela,100,PH,1560164711,77,10.2,122.99,83.78,6.02
170,viedma,12,AR,1560164711,48,-40.81,-62.99,51.2,14.27
171,vardo,90,US,1560164711,93,39.62,-77.74,63.0,5.82
172,sao filipe,51,CV,1560164712,83,14.9,-24.5,74.06,20.22
173,guerrero negro,0,MX,1560164712,80,27.97,-114.04,66.14,10.25
174,ola,16,RU,1560164713,84,59.58,151.3,43.1,2.84
175,ouro preto do oeste,64,BR,1560164713,80,-10.75,-62.22,73.52,1.14
176,qaqortoq,7,GL,1560164713,20,60.72,-46.03,51.8,39.15
177,north bend,1,US,1560164714,93,43.41,-124.22,53.01,17.49
178,weihe,77,CN,1560164714,89,32.99,105.33,62.9,0.98
179,san cristobal,75,EC,1560164715,93,-0.39,-78.55,55.4,4.7
180,chicama,75,PE,1560164715,93,-7.84,-79.15,64.4,5.82
181,thohoyandou,0,ZA,1560164715,32,-22.97,30.46,75.5,2.44
182,faya,75,SA,1560164716,20,18.39,42.45,87.8,10.29
183,sao joao da barra,75,BR,1560164716,94,-21.64,-41.05,68.0,4.41
184,pangai,94,TO,1560164717,82,-19.8,-174.35,76.76,18.86
185,batagay,34,RU,1560164717,34,67.65,134.64,71.0,5.75
186,auki,39,NG,1560164717,37,12.18,6.51,94.22,4.81
187,baykit,30,RU,1560164718,43,61.68,96.39,60.38,8.79
188,itaqui,100,BR,1560164718,68,-29.13,-56.55,66.32,11.41
189,dunedin,31,NZ,1560164718,81,-45.87,170.5,50.0,11.99
190,kisangani,90,CD,1560164719,38,0.52,25.21,91.88,3.47
191,kestel,40,TR,1560164719,54,40.2,29.21,81.0,9.17
192,vila velha,0,BR,1560164719,69,-3.71,-38.6,82.4,11.41
193,jamsa,75,FI,1560164720,59,61.86,25.19,64.99,14.99
194,kudahuvadhoo,57,MV,1560164720,78,2.67,72.89,84.68,11.95
195,tombouctou,21,ML,1560164720,20,16.77,-3.01,105.2,8.75
196,zhezkazgan,75,KZ,1560164721,25,47.8,67.71,75.2,8.95
197,bethel,75,US,1560164722,76,60.79,-161.76,53.6,6.93
198,sampit,97,ID,1560164722,97,-2.54,112.95,75.32,2.91
199,lasa,20,CY,1560164722,65,34.92,32.53,80.6,10.29
200,les cayes,23,HT,1560164723,75,18.19,-73.75,82.88,15.01
201,omsukchan,68,RU,1560164723,72,62.53,155.8,41.3,5.7
202,manokwari,100,ID,1560164723,81,-0.87,134.08,76.04,2.42
203,saint anthony,1,US,1560164724,80,43.97,-111.68,43.0,4.7
204,mount gambier,75,AU,1560164724,93,-37.83,140.78,53.6,10.29
205,bintulu,75,MY,1560164724,79,3.17,113.03,86.0,3.36
206,kahului,1,US,1560164477,69,20.89,-156.47,73.99,7.78
207,grand gaube,90,MU,1560164726,78,-20.01,57.66,77.0,10.29
208,chipinge,86,ZW,1560164726,62,-20.19,32.62,70.28,6.24
209,provideniya,84,RU,1560164727,65,64.42,-173.23,51.38,2.24
210,russell,0,AR,1560164727,75,-33.01,-68.8,42.8,4.7
211,makakilo city,1,US,1560164728,73,21.35,-158.09,78.8,3.36
212,nalut,0,LY,1560164728,8,31.86,10.98,99.62,13.65
213,riyadh,0,SA,1560164601,7,24.63,46.72,111.2,4.7
214,grivenskaya,80,RU,1560164729,46,45.65,38.16,83.96,18.28
215,albury,40,AU,1560164581,93,-36.08,146.92,48.2,2.93
216,ancud,2,CL,1560164729,100,-41.87,-73.83,33.8,3.36
217,fortuna,0,ES,1560164730,60,38.18,-1.13,86.0,9.17
218,rawson,0,AR,1560164730,56,-43.3,-65.11,41.48,21.79
219,trairi,77,BR,1560164730,71,-3.28,-39.27,80.18,7.36
220,uruacu,70,BR,1560164731,59,-14.52,-49.14,72.44,11.92
221,san benito,100,CO,1560164731,84,6.13,-73.51,64.88,2.8
222,touros,65,BR,1560164732,80,-5.2,-35.46,81.08,16.33
223,thinadhoo,40,MV,1560164732,73,0.53,72.93,85.04,6.49
224,venafro,0,IT,1560164732,43,41.48,14.05,95.0,4.7
225,itarema,78,BR,1560164733,73,-2.92,-39.92,82.7,8.84
226,ashland,75,US,1560164733,94,38.48,-82.64,69.01,4.61
227,fairbanks,1,US,1560164733,87,64.84,-147.72,52.0,0.89
228,toowoomba,0,AU,1560164474,87,-27.56,151.95,63.0,2.24
229,alofi,100,NU,1560164734,94,-19.06,-169.92,73.4,12.75
230,flinders,0,AU,1560164734,76,-34.58,150.85,64.0,4.7
231,chuy,82,UY,1560164735,94,-33.69,-53.46,64.52,13.47
232,saint-ambroise,71,FR,1560164735,72,47.25,-0.65,66.0,10.29
233,morehead,90,US,1560164736,100,38.18,-83.43,69.01,5.12
234,laguna,0,MX,1560164605,39,27.52,-110.01,82.34,5.93
235,airai,8,TL,1560164737,79,-8.93,125.41,76.22,5.21
236,balatonlelle,20,HU,1560164737,58,46.79,17.7,82.4,3.36
237,najran,40,SA,1560164737,15,17.54,44.22,100.4,9.17
238,west bay,75,GB,1560164738,71,50.71,-2.76,64.0,4.7
239,vestmanna,100,FO,1560164738,70,62.16,-7.17,44.6,16.11
240,henties bay,0,NA,1560164739,78,-22.12,14.28,62.01,5.01
241,hasaki,75,JP,1560164739,100,35.73,140.83,60.8,23.04
242,njeru,49,UG,1560164739,74,0.43,33.15,74.24,5.23
243,merauke,73,ID,1560164740,81,-8.49,140.4,81.62,25.75
244,marshall,75,US,1560164474,88,39.39,-87.69,70.0,12.75
245,vanavara,100,RU,1560164741,53,60.35,102.28,67.94,4.16
246,narsaq,7,GL,1560164741,20,60.91,-46.05,51.8,39.15
247,berlevag,75,NO,1560164741,80,70.86,29.09,33.8,19.46
248,aden,80,YE,1560164742,43,12.79,45.03,98.72,13.96
249,baijiantan,100,CN,1560164742,30,45.63,85.18,73.16,15.48
250,mendi,93,ET,1560164742,83,9.8,35.1,72.44,4.76
251,la rioja,0,AR,1560164743,88,-29.41,-66.86,44.9,3.04
252,eureka,1,US,1560164743,93,40.8,-124.16,52.0,12.75
253,katangli,23,RU,1560164744,96,51.71,143.23,38.24,5.48
254,talnakh,75,RU,1560164744,80,69.49,88.39,35.6,13.42
255,haines junction,16,CA,1560164744,67,60.75,-137.51,45.26,4.03
256,esperance,20,TT,1560164745,83,10.24,-61.45,80.01,5.82
257,aquiraz,0,BR,1560164745,69,-3.9,-38.39,82.4,11.41
258,karratha,0,AU,1560164737,48,-20.74,116.85,68.3,9.93
259,kidal,0,ML,1560164745,12,18.44,1.41,106.46,4.65
260,katherine,41,AU,1560164746,51,-14.47,132.26,80.6,5.82
261,severo-kurilsk,77,RU,1560164746,92,50.68,156.12,41.12,5.84
262,douglas,0,ZA,1560164747,23,-29.05,23.78,71.36,14.81
263,bilibino,22,RU,1560164747,70,68.06,166.44,45.98,2.17
264,sao domingos do maranhao,33,BR,1560164747,71,-5.58,-44.39,78.56,8.52
265,port hedland,0,AU,1560164748,77,-20.31,118.58,64.4,8.05
266,qaanaaq,0,GL,1560164748,75,77.48,-69.36,30.86,3.47
267,oyotun,40,PE,1560164749,93,-6.85,-79.3,64.4,10.29
268,saint george,40,GR,1560164628,37,39.45,22.34,86.0,13.87
269,brigantine,90,US,1560164749,93,39.41,-74.36,68.0,11.41
270,lovozero,72,RU,1560164750,63,68.01,35.02,61.28,13.42
271,yinchuan,92,CN,1560164750,16,38.48,106.21,82.0,5.01
272,hirara,75,JP,1560164750,83,24.8,125.28,80.6,5.82
273,sinjai,93,ID,1560164751,90,-5.12,120.25,72.44,3.27
274,ayan,94,TR,1560164751,48,40.67,33.6,74.78,1.63
275,laurel,20,US,1560164751,61,45.67,-108.77,50.0,12.75
276,bubaque,100,GW,1560164752,83,11.28,-15.83,79.82,11.43
277,gizo,0,IL,1560164752,26,31.8,34.94,91.99,14.99
278,half moon bay,75,US,1560164752,64,37.46,-122.43,73.99,5.44
279,kollam,90,IN,1560164753,88,8.88,76.6,82.4,5.82
280,djougou,75,BJ,1560164753,74,9.71,1.67,78.8,6.93
281,boa vista,90,BR,1560164597,94,2.82,-60.67,75.2,2.24
282,port keats,30,AU,1560164754,69,-14.25,129.55,79.82,6.13
283,roald,75,NO,1560164755,81,62.58,6.12,61.0,20.8
284,maceio,75,BR,1560164650,88,-9.67,-35.74,77.0,5.82
285,synya,100,RU,1560164755,85,65.37,58.04,47.24,10.96
286,malinovoye ozero,87,RU,1560164756,54,51.68,79.77,66.86,7.85
287,tirano,40,IT,1560164756,51,46.22,10.17,82.0,13.87
288,egvekinot,99,RU,1560164756,66,66.32,-179.17,48.14,6.69
289,richards bay,0,ZA,1560164757,50,-28.77,32.06,75.14,4.36
290,longyearbyen,0,NO,1560164757,74,78.22,15.63,42.8,2.24
291,port alfred,2,ZA,1560164757,71,-33.59,26.89,68.0,3.0
292,broome,75,GB,1560164758,100,52.47,1.45,57.0,8.05
293,cabo san lucas,0,MX,1560164758,62,22.89,-109.91,75.99,7.52
294,hibbing,1,US,1560164759,80,47.43,-92.94,45.0,6.38
295,talcahuano,75,CL,1560164759,93,-36.72,-73.12,50.0,5.82
296,tongliao,86,CN,1560164759,46,43.61,122.27,74.96,2.28
297,kolpashevo,51,RU,1560164760,62,58.31,82.9,63.08,7.74
298,humaita,40,AR,1560164760,100,-24.93,-65.37,46.4,2.24
299,yumen,99,CN,1560164760,17,40.29,97.04,82.88,10.16
300,puro,100,PH,1560164761,79,13.13,123.76,82.52,4.41
301,los llanos de aridane,40,ES,1560164761,68,28.66,-17.92,71.6,16.11
302,banjar,94,ID,1560164762,95,-7.37,108.54,73.7,2.89
303,honiara,20,SB,1560164496,94,-9.43,159.96,78.8,2.24
304,suntar,100,RU,1560164762,66,62.16,117.65,66.32,4.45
305,flin flon,3,CA,1560164762,55,54.77,-101.88,41.3,5.01
306,ajdabiya,0,LY,1560164763,83,30.75,20.22,73.52,17.05
307,tokmak,52,UA,1560164763,35,47.26,35.7,88.28,12.82
308,comodoro rivadavia,40,AR,1560164764,55,-45.87,-67.48,39.2,19.46
309,wasilla,1,US,1560164764,93,61.58,-149.44,50.0,3.38
310,san policarpo,100,PH,1560164764,80,12.18,125.51,83.96,9.62
311,coihaique,0,CL,1560164765,59,-45.58,-72.07,37.4,4.7
312,entebbe,90,UG,1560164765,78,0.06,32.45,71.6,11.41
313,hidalgo,5,US,1560164766,83,26.1,-98.26,82.99,7.49
314,havelock,1,US,1560164766,88,34.88,-76.9,80.01,3.36
315,gbadolite,98,CD,1560164766,35,4.28,21.0,96.74,2.33
316,beringovskiy,12,RU,1560164767,73,63.05,179.32,50.84,5.57
317,vredendal,80,ZA,1560164767,87,-31.68,18.49,60.2,10.65
318,prince rupert,90,CA,1560164767,93,54.32,-130.32,51.8,9.17
319,husavik,0,CA,1560164768,90,50.56,-96.99,46.99,1.99
320,nhulunbuy,88,AU,1560164768,83,-12.18,136.78,77.0,10.29
321,vila franca do campo,75,PT,1560164769,77,37.72,-25.43,66.2,5.82
322,oistins,20,BB,1560164769,69,13.07,-59.53,82.4,20.8
323,ponta do sol,11,BR,1560164769,82,-20.63,-46.0,59.12,7.7
324,dabat,53,ET,1560164770,38,12.98,37.77,84.14,9.75
325,aktau,0,KZ,1560164770,14,43.65,51.16,91.4,13.42
326,nanortalik,50,GL,1560164770,55,60.14,-45.24,42.2,2.89
327,vao,17,EE,1560164771,42,59.1,26.19,68.48,10.4
328,angoche,6,MZ,1560164771,59,-16.23,39.91,81.98,8.81
329,jumla,0,NP,1560164772,32,29.28,82.18,69.92,7.05
330,ilheus,75,BR,1560164772,88,-14.79,-39.05,73.4,9.17
331,gayny,62,RU,1560164772,37,60.3,54.33,81.98,8.63
332,luderitz,0,NA,1560164773,31,-26.65,15.16,75.2,8.05
333,kuroiso,75,JP,1560164526,100,36.97,140.05,55.4,9.17
334,garowe,48,SO,1560164773,50,8.41,48.48,83.06,27.67
335,hernani,40,ES,1560164773,63,43.27,-1.98,64.0,6.93
336,mlonggo,20,ID,1560164774,66,-6.53,110.7,87.8,9.17
337,dambulla,73,LK,1560164774,62,7.87,80.65,86.48,17.36
338,prado,71,BR,1560164775,85,-17.34,-39.22,75.5,4.65
339,arlit,7,NE,1560164775,7,18.74,7.39,105.92,5.12
340,hobyo,70,SO,1560164775,44,5.35,48.53,90.62,24.09
341,eyl,100,SO,1560164776,40,7.98,49.82,89.72,24.2
342,calamar,12,CO,1560164776,97,1.96,-72.65,70.28,4.36
343,williston,1,US,1560164776,100,48.15,-103.62,48.99,5.93
344,zhob,46,PK,1560164777,9,31.34,69.45,89.9,13.65
345,dingle,100,PH,1560164777,77,11.0,122.67,81.26,5.17
346,chapais,1,CA,1560164778,82,49.78,-74.86,55.4,3.36
347,cayenne,100,GF,1560164778,100,4.94,-52.33,73.4,2.24
348,hay river,20,CA,1560164778,80,60.82,-115.79,30.2,7.0
349,magdalena,40,BO,1560164779,94,-13.26,-64.05,71.6,1.77
350,khasan,68,RU,1560164779,96,42.43,130.64,48.5,1.99
351,tarquinia,0,IT,1560164780,27,42.25,11.76,91.4,14.99
352,cairns,90,AU,1560164708,78,-16.92,145.77,73.4,12.75
353,beipiao,91,CN,1560164780,49,41.8,120.76,71.18,3.76
354,kamenka,11,RU,1560164781,22,53.19,44.05,91.0,4.65
355,kargasok,85,RU,1560164781,55,59.06,80.87,69.74,6.87
356,circleville,90,US,1560164782,94,39.6,-82.95,69.01,4.7
357,gerede,24,TR,1560164782,62,40.8,32.2,76.22,5.12
358,sinnamary,95,GF,1560164783,82,5.38,-52.96,80.72,17.07
359,christiansburg,90,US,1560164783,100,37.13,-80.41,68.0,1.5
360,lavrentiya,100,RU,1560164783,80,65.58,-170.99,51.74,5.03
361,pyay,51,MM,1560164784,54,18.82,95.22,90.8,11.88
362,liverpool,40,GB,1560164774,62,53.41,-2.98,64.0,3.36
363,thatta,0,IN,1560164784,17,31.7,74.64,114.8,11.41
364,mayo,20,CA,1560164785,75,63.59,-135.9,46.4,3.36
365,srivardhan,87,IN,1560164785,77,18.03,73.02,86.66,13.24
366,saldanha,97,PT,1560164785,30,41.42,-6.55,68.12,8.75
367,realeza,0,BR,1560164786,63,-25.77,-53.53,62.72,7.49
368,gosainganj,23,IN,1560164786,25,26.77,81.11,107.6,8.05
369,algiers,40,US,1560164604,88,29.94,-90.04,80.6,4.7
370,victoria,75,BN,1560164787,83,5.28,115.24,84.2,3.36
371,ferkessedougou,88,CI,1560164787,52,9.6,-5.2,90.26,5.59
372,inverness,75,GB,1560164788,81,57.48,-4.23,55.99,4.7
373,igboho,81,NG,1560164788,51,8.84,3.76,89.54,6.22
374,celestun,24,MX,1560164788,85,20.87,-90.4,81.26,11.74
375,sydney,0,AU,1560164564,72,-33.85,151.22,63.0,5.08
376,ashqelon,0,IL,1560164789,26,31.67,34.57,91.99,14.99
377,port hardy,90,CA,1560164789,93,50.7,-127.42,51.8,4.23
378,khartoum,0,SD,1560164790,27,15.59,32.54,98.6,9.17
379,kontagora,32,NG,1560164790,40,10.4,5.47,94.94,6.8
380,kodiak,1,US,1560164790,80,39.95,-94.76,55.4,3.36
381,aripuana,94,BR,1560164791,70,-9.17,-60.63,74.78,1.86
382,carroll,3,AU,1560164791,93,-30.99,150.44,51.8,4.7
383,nelson bay,0,AU,1560164792,87,-32.72,152.14,64.0,4.7
384,komsomolskiy,57,RU,1560164792,63,67.55,63.78,38.96,5.7
385,ramshir,20,IR,1560164792,8,30.89,49.41,120.2,18.34
386,clarence town,0,AU,1560164793,87,-32.59,151.78,64.0,4.7
387,rantepao,96,ID,1560164793,96,-2.97,119.9,62.72,2.17
388,shirokiy,66,RU,1560164793,59,53.87,39.17,79.64,3.49
389,yulara,0,AU,1560164794,39,-25.24,130.99,62.6,3.36
390,naze,75,NG,1560164794,79,5.43,7.07,84.2,5.82
391,lagoa,20,PT,1560164795,43,37.14,-8.45,80.01,9.17
392,nkan,65,CM,1560164795,89,2.95,11.22,76.58,3.67
393,los alamos,69,US,1560164796,65,35.88,-106.3,50.0,13.87
394,kempele,0,FI,1560164796,59,64.91,25.51,71.01,20.8
395,sawtell,4,AU,1560164796,93,-30.38,153.1,59.0,4.7
396,athabasca,15,CA,1560164797,86,54.72,-113.29,41.48,5.53
397,tanout,18,NE,1560164797,23,14.97,8.88,99.44,3.15
398,leshukonskoye,50,RU,1560164797,31,64.9,45.76,75.68,11.16
399,kysyl-syr,68,RU,1560164798,59,63.9,122.77,67.58,7.52
400,ngorongoro,1,TZ,1560164798,46,-3.24,35.49,76.58,12.86
401,samarai,86,PG,1560164799,92,-10.62,150.67,74.06,5.32
402,mount isa,85,AU,1560164633,56,-20.73,139.49,69.8,4.7
403,veracruz,75,VE,1560164799,88,7.66,-72.25,75.2,3.36
404,prainha,51,BR,1560164800,82,-1.8,-53.48,79.46,3.44
405,alenquer,40,BR,1560164800,94,-1.95,-54.74,75.2,4.59
406,monte santo de minas,0,BR,1560164801,71,-21.19,-46.98,64.88,13.65
407,balkhash,40,KZ,1560164801,33,46.84,74.98,71.6,15.66
408,tateyama,75,JP,1560164801,93,36.66,137.31,66.2,3.36
409,churapcha,81,RU,1560164802,53,62.0,132.43,62.0,5.79
410,tanete,89,ID,1560164802,77,-3.94,119.78,83.06,14.74
411,shaoguan,100,CN,1560164802,90,24.81,113.59,78.92,1.66
412,muzhi,33,RU,1560164803,28,65.4,64.7,56.96,1.43
413,noumea,0,NC,1560164803,87,-22.28,166.46,60.8,2.24
414,caravelas,100,BR,1560164803,90,-17.73,-39.27,73.16,6.91
415,sambava,68,MG,1560164804,72,-14.27,50.17,72.8,4.79
416,kijini,20,TZ,1560164804,51,-5.85,39.32,86.0,14.99
417,rocha,72,UY,1560164805,94,-34.48,-54.34,63.26,9.84
418,itoman,20,JP,1560164586,88,26.12,127.67,78.8,6.93
419,lithgow,3,AU,1560164722,82,-33.48,150.16,60.01,5.82
420,sovetskaya gavan,100,RU,1560164806,98,48.97,140.29,45.8,1.99
421,antofagasta,75,CL,1560164806,76,-23.65,-70.4,57.2,4.7
422,casper,1,US,1560164806,86,42.87,-106.31,36.0,4.85
423,petropavlovsk-kamchatskiy,75,RU,1560164807,81,53.05,158.65,48.2,6.71
424,binika,74,IN,1560164807,11,21.03,83.8,110.42,1.07
425,te anau,95,NZ,1560164807,97,-45.41,167.72,42.2,3.06
426,rabat,40,MA,1560164808,56,34.02,-6.83,75.2,8.05
427,padang,94,ID,1560164809,78,-0.92,100.36,85.4,8.28
428,novichikha,31,RU,1560164809,60,52.2,81.39,65.6,8.25
429,papetoai,20,PF,1560164809,73,-17.5,-149.87,77.0,2.24
430,lumphat,80,KH,1560164810,78,13.5,106.97,83.42,4.68
431,abashiri,75,JP,1560164810,76,44.01,144.25,57.2,10.29
432,ust-kan,80,RU,1560164810,76,50.93,84.77,54.62,3.91
433,batemans bay,0,AU,1560164762,90,-35.71,150.18,53.01,1.25
434,concordia,90,AR,1560164811,100,-31.4,-58.02,64.4,5.21
435,rafraf,0,TN,1560164811,65,37.19,10.18,82.4,13.87
436,winnemucca,1,US,1560164798,64,40.97,-117.74,42.01,4.7
437,siverek,75,TR,1560164812,27,37.75,39.32,91.4,20.8
438,nacala,40,MZ,1560164812,54,-14.56,40.69,82.4,14.99
439,oussouye,40,SN,1560164813,78,12.49,-16.54,86.0,4.7
440,sabang,100,PH,1560164813,76,13.72,123.58,85.4,7.4
441,khani,0,GE,1560164813,28,41.96,42.96,95.0,27.51
442,quelimane,75,MZ,1560164814,54,-17.88,36.89,82.4,8.05
443,qingdao,40,CN,1560164788,69,36.09,120.35,75.0,11.18
444,opuwo,0,NA,1560164814,14,-18.06,13.84,84.14,15.59
445,udachnyy,90,RU,1560164815,55,66.42,112.4,64.4,8.95
446,terrace,90,CA,1560164815,93,54.52,-128.61,50.0,3.36
447,shizunai,0,JP,1560164625,91,42.33,142.37,53.0,5.41
448,port augusta,0,AU,1560164815,47,-32.49,137.76,55.4,8.05
449,bud,75,NO,1560164816,81,62.91,6.91,61.0,20.8
450,pangnirtung,84,CA,1560164816,48,66.15,-65.72,46.88,4.16
451,troitsko-pechorsk,45,RU,1560164817,41,62.71,56.19,79.82,6.35
452,midlothian,1,US,1560164775,77,32.48,-96.99,71.6,17.22
453,slonim,13,BY,1560164817,56,53.09,25.32,77.84,6.26
454,rio gallegos,0,AR,1560164817,86,-51.62,-69.22,30.2,17.22
455,sorong,100,ID,1560164637,93,-0.86,131.25,78.02,2.68
456,businga,47,CD,1560164819,46,3.34,20.89,88.82,2.89
457,wukari,64,NG,1560164819,49,7.87,9.78,92.42,5.41
458,dire,75,ET,1560164819,82,9.18,38.92,64.4,6.93
459,moyale,38,ET,1560164820,50,3.52,39.05,79.82,16.33
460,caratinga,0,BR,1560164820,100,-19.79,-42.14,62.6,2.24
461,aksu,75,KZ,1560164821,68,52.04,76.93,64.4,6.71
462,belen,0,TR,1560164821,52,36.49,36.19,88.0,26.4
463,kedrovyy,40,RU,1560164822,52,56.17,91.82,69.8,8.95
464,kurilsk,97,RU,1560164822,91,45.23,147.88,47.24,1.57
465,caloundra,0,AU,1560164822,88,-26.8,153.14,62.6,4.7
466,waitati,31,NZ,1560164823,81,-45.75,170.57,50.0,11.99
467,thana,0,PK,1560164824,9,34.64,72.07,103.94,7.96
468,havre-saint-pierre,20,CA,1560164824,65,50.23,-63.6,46.4,8.05
469,nerchinskiy zavod,66,RU,1560164825,63,51.31,119.61,62.9,1.52
470,strezhevoy,20,RU,1560164825,58,60.73,77.6,59.0,13.42
471,houma,29,CN,1560164825,31,35.63,111.36,84.5,8.88
472,pitanga,0,BR,1560164826,73,-24.76,-51.76,58.04,8.63
473,gazanjyk,0,TM,1560164826,12,39.24,55.52,91.16,14.03
474,luanda,20,AO,1560164827,69,-8.83,13.24,78.8,3.36
475,belyy yar,40,RU,1560164828,88,53.6,91.39,62.6,6.71
476,pandan,99,PH,1560164828,81,11.72,122.09,83.42,13.2
477,ocampo,100,PH,1560164829,77,13.56,123.37,83.24,4.99
478,djenne,62,ML,1560164829,29,13.91,-4.55,101.6,6.93
479,maragogi,18,BR,1560164830,74,-9.01,-35.22,81.26,11.65
480,lorengau,40,PG,1560164830,86,-2.02,147.27,80.72,5.86
481,davila,75,PH,1560164830,70,18.47,120.58,89.6,10.29
482,mozarlandia,84,BR,1560164831,55,-14.74,-50.57,76.94,3.65
483,tomatlan,100,MX,1560164831,85,19.93,-105.25,76.94,1.86
484,nakasongola,84,UG,1560164831,63,1.32,32.46,78.38,4.79
485,salinopolis,37,BR,1560164832,73,-0.61,-47.36,82.7,12.08
486,ouadda,91,CF,1560164832,47,8.07,22.4,88.46,5.01
487,broken hill,0,AU,1560164833,50,-31.97,141.45,53.6,1.12
488,ozark,1,US,1560164833,72,37.02,-93.21,62.6,6.93
489,tomra,75,NO,1560164833,81,62.59,6.93,61.0,20.8
490,lashio,76,MM,1560164834,58,22.93,97.75,85.4,2.39
491,bridlington,75,GB,1560164834,93,54.08,-0.19,60.8,8.05
492,northam,40,GB,1560164835,63,51.04,-4.21,66.99,10.29
493,tomsani,75,RO,1560164835,61,44.95,26.28,86.0,20.8
494,rampur,0,IN,1560164835,7,28.8,79.03,115.46,10.04
495,pueblo nuevo,36,MX,1560164836,95,23.99,-106.96,73.99,2.48
496,baker city,1,US,1560164802,66,44.77,-117.83,48.2,4.85
497,novobirilyussy,34,RU,1560164837,55,56.95,90.69,69.92,5.73
498,gazojak,0,TM,1560164837,20,41.19,61.4,83.96,17.63
499,conde,25,BR,1560164838,93,-11.81,-37.61,74.6,5.3
500,vestmannaeyjar,0,IS,1560164838,71,63.44,-20.27,51.8,5.82
501,lanigan,0,CA,1560164838,71,51.85,-105.03,44.54,6.08
502,puerto del rosario,75,ES,1560164839,64,28.5,-13.86,73.4,17.22
503,abu dhabi,0,AE,1560164539,24,24.47,54.37,107.6,18.34
504,denpasar,75,ID,1560164591,88,-8.65,115.22,78.8,10.29
505,zhuhai,0,CN,1560164840,17,40.71,112.04,84.2,6.71
506,boffa,100,GN,1560164840,82,10.18,-14.04,80.9,7.72
507,barreiras,2,BR,1560164840,61,-12.14,-45.0,75.68,6.6
508,leningradskiy,43,RU,1560164841,92,69.38,178.42,38.78,4.14
509,rasht,20,IR,1560164841,48,37.28,49.58,86.0,6.93
510,talavera de la reina,20,ES,1560164841,19,39.96,-4.83,80.01,1.01
511,lima,90,PE,1560164842,100,-12.06,-77.04,60.8,5.82
512,quetigny,100,FR,1560164842,82,47.31,5.12,64.4,8.05
513,pineville,1,US,1560164843,94,31.32,-92.43,73.4,3.36
514,gbarnga,100,LR,1560164843,91,7.0,-9.47,76.94,1.34
515,cap-aux-meules,20,CA,1560164844,76,47.38,-61.86,48.2,12.75
516,sao gabriel da cachoeira,72,BR,1560164844,97,-0.13,-67.09,74.96,0.63
517,aitape,72,PG,1560164844,78,-3.15,142.36,81.62,8.01
518,biryusinsk,100,RU,1560164845,84,55.96,97.82,60.74,8.39
519,pisco,90,PE,1560164845,93,-13.71,-76.2,62.6,3.36
520,marsta,20,SE,1560164845,55,59.93,17.59,69.01,14.99
521,cabanbanan,100,PH,1560164846,77,10.18,122.9,83.78,6.02
522,kingaroy,29,AU,1560164846,87,-26.54,151.84,59.0,5.68
523,maanshan,0,CN,1560164804,42,31.7,118.5,82.4,8.95
524,praia da vitoria,75,PT,1560164847,64,38.73,-27.07,69.01,6.22
525,cap malheureux,90,MU,1560164847,78,-19.98,57.61,77.0,10.29
526,hamilton,75,BM,1560164847,88,32.3,-64.78,75.2,5.08
527,roma,0,IT,1560164770,31,41.89,12.48,91.99,8.05
528,kakamega,40,KE,1560164848,48,0.28,34.75,82.4,5.82
529,toamasina,75,MG,1560164848,83,-18.17,49.38,77.0,10.29
530,talara,0,PE,1560164849,87,-4.58,-81.27,69.38,17.96
531,hondo,90,US,1560164849,83,29.35,-99.14,75.99,6.93
532,sikasso,61,ML,1560164850,35,11.32,-5.68,99.08,3.58
533,gryazovets,48,RU,1560164850,38,58.88,40.25,76.22,10.38
534,llangefni,20,GB,1560164759,71,53.26,-4.31,57.2,10.29
535,zhigansk,86,RU,1560164850,61,66.77,123.37,65.24,15.93
536,newport,20,GB,1560164851,67,51.59,-3.0,64.99,11.41
537,ittiri,75,IT,1560164851,83,40.59,8.57,72.0,14.99
538,langholm,20,GB,1560164820,47,55.15,-3.0,62.01,8.05
539,shibetsu,40,JP,1560164852,77,44.15,142.46,59.0,11.41
540,raton,1,US,1560164731,70,36.9,-104.44,42.8,9.17
541,uch,75,FR,1560164853,51,45.32,-0.93,68.0,13.87
542,neiafu,65,TO,1560164853,85,-18.65,-173.98,79.28,22.03
543,zalantun,63,CN,1560164853,65,48.0,122.72,65.78,4.83
544,acari,70,BR,1560164854,59,-6.44,-36.64,83.06,20.29
545,avdon,0,IL,1560164854,61,33.05,35.18,87.8,14.99
546,mahibadhoo,60,MV,1560164854,81,3.78,72.97,84.14,15.52
547,macklin,3,CA,1560164855,85,52.34,-109.94,45.8,5.7
548,manzil salim,20,TN,1560164855,11,35.86,8.48,91.4,16.11
549,yenagoa,52,NG,1560164856,60,4.92,6.26,87.74,6.64
550,wajima,40,JP,1560164567,93,37.4,136.9,62.6,2.24
551,saint-joseph,12,FR,1560164856,42,43.56,6.97,82.4,4.7
552,ponta delgada,75,PT,1560164616,77,37.73,-25.67,66.2,5.82
553,minab,20,IR,1560164857,6,27.15,57.07,120.2,6.93
554,gusau,39,NG,1560164858,37,12.17,6.66,94.22,4.81
555,aswan,0,EG,1560164858,13,24.09,32.9,100.4,12.75
556,palmer,0,AU,1560164859,81,-34.85,139.16,53.01,5.82
